<?xml version="1.0" ?>
<eml:eml xmlns:eml="https://eml.ecoinformatics.org/eml-2.2.0" xmlns:xsi="http://www.w3.org/2001/XMLSchema-instance" packageId="data-sample.1.0" system="local" xsi:schemaLocation="https://eml.ecoinformatics.org/eml-2.2.0 https://eml.ecoinformatics.org/eml-2.2.0/eml.xsd">
  <dataset>
    <title>Data Sample</title>
    <creator>
      <individualName>
        <surName>Not specified</surName>
      </individualName>
    </creator>
    <pubDate>2025-11-07</pubDate>
    <abstract>
      <para>Marine species occurrence and measurement data from fishing survey</para>
    </abstract>
    <contact>
      <individualName>
        <surName>Not specified</surName>
      </individualName>
    </contact>
  </dataset>
</eml:eml>
