occurrenceID,measurementType,measurementValue,measurementUnit,measurementRemarks
OCC0001,total length,251.0,mm,
OCC0001,weight,275.0,g,
OCC0002,total length,291.0,mm,
OCC0002,weight,295.0,g,
OCC0003,total length,200.0,mm,
OCC0003,weight,165.0,g,
OCC0004,total length,211.0,mm,
OCC0004,weight,170.0,g,
OCC0005,total length,214.0,mm,
OCC0005,weight,165.0,g,
OCC0006,total length,262.0,mm,
OCC0006,weight,305.0,g,
OCC0007,total length,223.0,mm,
OCC0007,weight,130.0,g,
OCC0008,total length,222.0,mm,
OCC0008,weight,205.0,g,
OCC0009,total length,183.0,mm,
OCC0009,weight,125.0,g,
OCC0010,total length,371.0,mm,
OCC0010,weight,615.0,g,
OCC0011,total length,272.0,mm,
OCC0011,weight,345.0,g,
OCC0012,total length,182.0,mm,
OCC0012,weight,90.0,g,
OCC0013,total length,241.0,mm,
OCC0013,weight,210.0,g,
OCC0014,total length,190.0,mm,
OCC0014,weight,180.0,g,
OCC0015,total length,191.0,mm,
OCC0015,weight,145.0,g,
OCC0016,total length,381.0,mm,
OCC0016,weight,680.0,g,
OCC0017,total length,221.0,mm,
OCC0017,weight,190.0,g,
OCC0018,total length,280.0,mm,
OCC0018,weight,275.0,g,
OCC0019,total length,184.0,mm,
OCC0019,weight,125.0,g,
OCC0020,total length,215.0,mm,
OCC0020,weight,145.0,g,
OCC0021,total length,236.0,mm,
OCC0021,weight,185.0,g,
OCC0022,total length,268.0,mm,
OCC0022,weight,245.0,g,
OCC0023,total length,312.0,mm,
OCC0023,weight,355.0,g,
OCC0024,total length,281.0,mm,
OCC0024,weight,295.0,g,
OCC0025,total length,190.0,mm,
OCC0025,weight,85.0,g,
OCC0026,total length,286.0,mm,
OCC0026,weight,290.0,g,
OCC0027,total length,299.0,mm,
OCC0027,weight,120.0,g,
OCC0028,total length,196.0,mm,
OCC0028,weight,115.0,g,
OCC0029,total length,202.0,mm,
OCC0029,weight,150.0,g,
OCC0030,total length,219.0,mm,
OCC0030,weight,225.0,g,
OCC0031,total length,177.0,mm,
OCC0031,weight,105.0,g,
OCC0032,total length,192.0,mm,
OCC0032,weight,185.0,g,
OCC0033,total length,264.0,mm,
OCC0033,weight,255.0,g,
OCC0034,total length,227.0,mm,
OCC0034,weight,115.0,g,
OCC0035,total length,293.0,mm,
OCC0035,weight,300.0,g,
OCC0036,total length,201.0,mm,
OCC0036,weight,110.0,g,
OCC0037,total length,215.0,mm,
OCC0037,weight,125.0,g,
OCC0038,total length,324.0,mm,
OCC0038,weight,410.0,g,
OCC0039,total length,253.0,mm,
OCC0039,weight,170.0,g,
OCC0040,total length,202.0,mm,
OCC0040,weight,155.0,g,
OCC0041,total length,379.0,mm,
OCC0041,weight,715.0,g,
OCC0042,total length,245.0,mm,
OCC0042,weight,190.0,g,
OCC0043,total length,202.0,mm,
OCC0043,weight,120.0,g,
OCC0044,total length,306.0,mm,
OCC0044,weight,385.0,g,
OCC0045,total length,296.0,mm,
OCC0045,weight,370.0,g,
OCC0046,total length,212.0,mm,
OCC0046,weight,165.0,g,
OCC0047,total length,205.0,mm,
OCC0047,weight,160.0,g,
OCC0048,total length,239.0,mm,
OCC0048,weight,205.0,g,
OCC0049,total length,225.0,mm,
OCC0049,weight,250.0,g,
OCC0050,total length,208.0,mm,
OCC0050,weight,105.0,g,
OCC0051,total length,206.0,mm,
OCC0051,weight,100.0,g,
OCC0052,total length,213.0,mm,
OCC0052,weight,75.0,g,
OCC0053,total length,195.0,mm,
OCC0053,weight,115.0,g,
OCC0054,total length,197.0,mm,
OCC0054,weight,115.0,g,
OCC0055,total length,226.0,mm,
OCC0055,weight,160.0,g,
OCC0056,total length,190.0,mm,
OCC0056,weight,120.0,g,
OCC0057,total length,198.0,mm,
OCC0057,weight,135.0,g,
OCC0058,total length,220.0,mm,
OCC0058,weight,200.0,g,
OCC0059,total length,395.0,mm,
OCC0059,weight,665.0,g,
OCC0060,total length,327.0,mm,
OCC0060,weight,465.0,g,
OCC0061,total length,254.0,mm,
OCC0061,weight,210.0,g,
OCC0062,total length,195.0,mm,
OCC0062,weight,110.0,g,
OCC0063,total length,175.0,mm,
OCC0063,weight,125.0,g,
OCC0064,total length,203.0,mm,
OCC0064,weight,200.0,g,
OCC0065,total length,189.0,mm,
OCC0065,weight,110.0,g,
OCC0066,total length,251.0,mm,
OCC0066,weight,205.0,g,
OCC0067,total length,201.0,mm,
OCC0067,weight,170.0,g,
OCC0068,total length,195.0,mm,
OCC0068,weight,145.0,g,
OCC0069,total length,200.0,mm,
OCC0069,weight,175.0,g,
OCC0070,total length,221.0,mm,
OCC0070,weight,205.0,g,
OCC0071,total length,203.0,mm,
OCC0071,weight,130.0,g,
OCC0072,total length,246.0,mm,
OCC0072,weight,235.0,g,
OCC0073,total length,311.0,mm,
OCC0073,weight,375.0,g,
OCC0074,total length,228.0,mm,
OCC0074,weight,175.0,g,
OCC0075,total length,200.0,mm,
OCC0075,weight,130.0,g,
OCC0076,total length,178.0,mm,
OCC0076,weight,120.0,g,
OCC0077,total length,233.0,mm,
OCC0077,weight,175.0,g,
OCC0078,total length,204.0,mm,
OCC0078,weight,140.0,g,
OCC0079,total length,300.0,mm,
OCC0079,weight,430.0,g,
OCC0080,total length,245.0,mm,
OCC0080,weight,210.0,g,
OCC0081,total length,257.0,mm,
OCC0081,weight,235.0,g,
OCC0082,total length,295.0,mm,
OCC0082,weight,310.0,g,
OCC0083,total length,214.0,mm,
OCC0083,weight,160.0,g,
OCC0084,total length,384.0,mm,
OCC0084,weight,585.0,g,
OCC0085,total length,245.0,mm,
OCC0085,weight,225.0,g,
OCC0086,total length,247.0,mm,
OCC0086,weight,250.0,g,
OCC0087,total length,190.0,mm,
OCC0087,weight,125.0,g,
OCC0088,total length,196.0,mm,
OCC0088,weight,110.0,g,
OCC0089,total length,234.0,mm,
OCC0089,weight,175.0,g,
OCC0090,total length,294.0,mm,
OCC0090,weight,360.0,g,
OCC0091,total length,287.0,mm,
OCC0091,weight,230.0,g,
OCC0092,total length,207.0,mm,
OCC0092,weight,135.0,g,
OCC0093,total length,246.0,mm,
OCC0093,weight,340.0,g,
