<?xml version="1.0" ?>
<archive xmlns="http://rs.tdwg.org/dwc/text/" metadata="eml.xml">
  <core encoding="UTF-8" fieldsTerminatedBy="," linesTerminatedBy="\n" fieldsEnclosedBy="&quot;" ignoreHeaderLines="1" rowType="http://rs.tdwg.org/dwc/terms/Event">
    <files>
      <location>event.csv</location>
    </files>
    <id index="0"/>
    <field index="0" term="http://rs.tdwg.org/dwc/terms/eventID"/>
    <field index="1" term="http://rs.tdwg.org/dwc/terms/eventDate"/>
    <field index="2" term="http://rs.tdwg.org/dwc/terms/decimalLatitude"/>
    <field index="3" term="http://rs.tdwg.org/dwc/terms/decimalLongitude"/>
    <field index="4" term="http://rs.tdwg.org/dwc/terms/minimumDepthInMeters"/>
    <field index="5" term="http://rs.tdwg.org/dwc/terms/eventRemarks"/>
    <field index="6" term="http://rs.tdwg.org/dwc/terms/fieldNumber"/>
  </core>
  <extension encoding="UTF-8" fieldsTerminatedBy="," linesTerminatedBy="\n" fieldsEnclosedBy="&quot;" ignoreHeaderLines="1" rowType="http://rs.tdwg.org/dwc/terms/Occurrence">
    <files>
      <location>occurrence.csv</location>
    </files>
    <coreid index="1"/>
    <field index="0" term="http://rs.tdwg.org/dwc/terms/occurrenceID"/>
    <field index="1" term="http://rs.tdwg.org/dwc/terms/eventID"/>
    <field index="2" term="http://rs.tdwg.org/dwc/terms/scientificName"/>
    <field index="3" term="http://rs.tdwg.org/dwc/terms/individualCount"/>
    <field index="4" term="http://rs.tdwg.org/dwc/terms/sex"/>
    <field index="5" term="http://rs.tdwg.org/dwc/terms/lifeStage"/>
    <field index="6" term="http://rs.tdwg.org/dwc/terms/occurrenceRemarks"/>
    <field index="7" term="http://rs.tdwg.org/dwc/terms/basisOfRecord"/>
  </extension>
  <extension encoding="UTF-8" fieldsTerminatedBy="," linesTerminatedBy="\n" fieldsEnclosedBy="&quot;" ignoreHeaderLines="1" rowType="http://rs.tdwg.org/dwc/terms/MeasurementOrFact">
    <files>
      <location>measurement.csv</location>
    </files>
    <coreid index="0"/>
    <field index="0" term="http://rs.tdwg.org/dwc/terms/occurrenceID"/>
    <field index="1" term="http://rs.tdwg.org/dwc/terms/measurementType"/>
    <field index="2" term="http://rs.tdwg.org/dwc/terms/measurementValue"/>
    <field index="3" term="http://rs.tdwg.org/dwc/terms/measurementUnit"/>
    <field index="4" term="http://rs.tdwg.org/dwc/terms/measurementRemarks"/>
  </extension>
</archive>
