occurrenceID,eventID,scientificName,individualCount,sex,lifeStage,occurrenceRemarks,basisOfRecord
OCC0001,C2404-1,black sea bass,1,F,,,HumanObservation
OCC0002,C2404-1,black sea bass,1,M,,,HumanObservation
OCC0003,C2404-1,black sea bass,1,F,,,HumanObservation
OCC0004,C2404-1,black sea bass,1,F,,,HumanObservation
OCC0005,C2404-1,black sea bass,1,F,,,HumanObservation
OCC0006,C2404-1,black sea bass,1,F,,,HumanObservation
OCC0007,C2404-1,black sea bass,1,F,,,HumanObservation
OCC0008,C2404-1,black sea bass,1,F,,,HumanObservation
OCC0009,C2404-1,black sea bass,1,F,,,HumanObservation
OCC0010,C2404-1,black sea bass,1,M,,,HumanObservation
OCC0011,C2404-1,black sea bass,1,F,,,HumanObservation
OCC0012,C2404-1,black sea bass,1,F,,,HumanObservation
OCC0013,C2404-2,black sea bass,1,F,,,HumanObservation
OCC0014,C2404-2,black sea bass,1,F,,,HumanObservation
OCC0015,C2404-2,black sea bass,1,F,,,HumanObservation
OCC0016,C2404-2,black sea bass,1,M,,,HumanObservation
OCC0017,C2404-2,black sea bass,1,F,,,HumanObservation
OCC0018,C2404-2,black sea bass,1,F,,,HumanObservation
OCC0019,C2404-2,black sea bass,1,F,,,HumanObservation
OCC0020,C2404-2,black sea bass,1,F,,,HumanObservation
OCC0021,C2404-2,black sea bass,1,F,,,HumanObservation
OCC0022,C2404-2,black sea bass,1,F,,,HumanObservation
OCC0023,C2404-2,black sea bass,1,F,,,HumanObservation
OCC0024,C2404-2,black sea bass,1,F,,,HumanObservation
OCC0025,C2404-2,black sea bass,1,F,,,HumanObservation
OCC0026,C2404-2,black sea bass,1,F,,,HumanObservation
OCC0027,C2404-2,black sea bass,1,F,,,HumanObservation
OCC0028,C2404-2,black sea bass,1,F,,,HumanObservation
OCC0029,C2404-2,black sea bass,1,F,,,HumanObservation
OCC0030,C2404-2,black sea bass,1,F,,,HumanObservation
OCC0031,C2404-2,black sea bass,1,F,,,HumanObservation
OCC0032,C2404-2,black sea bass,1,F,,,HumanObservation
OCC0033,UM-15,black sea bass,1,F,,,HumanObservation
OCC0034,UM-15,black sea bass,1,F,,,HumanObservation
OCC0035,UM-15,black sea bass,1,F,,,HumanObservation
OCC0036,UM-15,black sea bass,1,F,,,HumanObservation
OCC0037,UM-15,black sea bass,1,F,,,HumanObservation
OCC0038,UM-15,black sea bass,1,F,,,HumanObservation
OCC0039,UM-15,black sea bass,1,F,,,HumanObservation
OCC0040,UM-15,black sea bass,1,F,,,HumanObservation
OCC0041,UM-15,black sea bass,1,M,,,HumanObservation
OCC0042,UM-15,black sea bass,1,F,,,HumanObservation
OCC0043,UM-15,black sea bass,1,F,,,HumanObservation
OCC0044,UM-15,black sea bass,1,M,,,HumanObservation
OCC0045,UM-15,black sea bass,1,F,,,HumanObservation
OCC0046,UM-15,black sea bass,1,F,,,HumanObservation
OCC0047,UM-15,black sea bass,1,F,,,HumanObservation
OCC0048,UM-15,black sea bass,1,F,,,HumanObservation
OCC0049,UM-15,black sea bass,1,F,,,HumanObservation
OCC0050,UM-15,black sea bass,1,F,,,HumanObservation
OCC0051,UM-15,black sea bass,1,F,,,HumanObservation
OCC0052,UM-12,black sea bass,1,F,,,HumanObservation
OCC0053,UM-12,black sea bass,1,F,,,HumanObservation
OCC0054,UM-12,black sea bass,1,F,,,HumanObservation
OCC0055,UM-12,black sea bass,1,F,,,HumanObservation
OCC0056,UM-12,black sea bass,1,F,,,HumanObservation
OCC0057,UM-12,black sea bass,1,F,,,HumanObservation
OCC0058,UM-12,black sea bass,1,F,,,HumanObservation
OCC0059,UM-12,black sea bass,1,M,,,HumanObservation
OCC0060,UM-12,black sea bass,1,M,,,HumanObservation
OCC0061,UM-12,black sea bass,1,F,,,HumanObservation
OCC0062,UM-12,black sea bass,1,F,,,HumanObservation
OCC0063,UM-12,black sea bass,1,F,,,HumanObservation
OCC0064,UM-12,black sea bass,1,F,,,HumanObservation
OCC0065,UM-12,black sea bass,1,F,,,HumanObservation
OCC0066,UJ-11,black sea bass,1,M,,,HumanObservation
OCC0067,UJ-11,black sea bass,1,F,,,HumanObservation
OCC0068,UJ-11,black sea bass,1,F,,,HumanObservation
OCC0069,UJ-11,scup,1,,,,HumanObservation
OCC0070,UJ-11,black sea bass,1,F,,,HumanObservation
OCC0071,UJ-11,black sea bass,1,F,,,HumanObservation
OCC0072,UJ-11,black sea bass,1,F,,,HumanObservation
OCC0073,UJ-11,black sea bass,1,M,,,HumanObservation
OCC0074,UJ-11,black sea bass,1,F,,,HumanObservation
OCC0075,UJ-11,black sea bass,1,F,,,HumanObservation
OCC0076,UJ-11,black sea bass,1,F,,,HumanObservation
OCC0077,UH-11,black sea bass,1,F,,,HumanObservation
OCC0078,UH-11,black sea bass,1,F,,,HumanObservation
OCC0079,UH-11,black sea bass,1,M,,,HumanObservation
OCC0080,UH-11,black sea bass,1,F,,,HumanObservation
OCC0081,UH-11,black sea bass,1,F,,,HumanObservation
OCC0082,UH-11,black sea bass,1,F,,,HumanObservation
OCC0083,UH-11,black sea bass,1,F,,,HumanObservation
OCC0084,UH-11,black sea bass,1,M,,,HumanObservation
OCC0085,UH-11,black sea bass,1,F,,,HumanObservation
OCC0086,UH-11,black sea bass,1,F,,,HumanObservation
OCC0087,UH-11,black sea bass,1,F,,,HumanObservation
OCC0088,UH-11,black sea bass,1,F,,,HumanObservation
OCC0089,UH-11,black sea bass,1,F,,,HumanObservation
OCC0090,UH-11,black sea bass,1,F,,,HumanObservation
OCC0091,UH-11,black sea bass,1,M,,,HumanObservation
OCC0092,UH-11,black sea bass,1,F,,,HumanObservation
OCC0093,UH-11,black sea bass,1,F,,,HumanObservation
